"","card","reports","age","income","share","owner","selfemp","dependents","majorcards","active","years"
"1",1,0,38,45200,0.03326991,1,0,3,1,12,4
"2",1,0,33,24200,0.005216942,0,0,3,1,13,3
"3",1,0,34,45000,0.004155556,1,0,4,1,5,5
"4",1,0,30,25400,0.06521378,0,0,0,1,7,2
"5",1,0,32,97867,0.06705059,1,0,2,1,5,5
"6",1,0,23,25000,0.0444384,0,0,0,1,1,4
"7",1,0,28,39600,0.01257576,0,0,2,1,5,1
"8",1,0,29,23700,0.07643376,1,0,0,1,3,6
"9",1,0,37,38000,0.2456279,1,0,0,1,6,8
"10",1,0,28,32000,0.01978,0,0,0,1,18,5
"11",1,0,30,39500,0.07802456,1,0,1,1,20,2
"12",0,0,42,19800,0.0006060606,1,0,2,1,0,3
"13",0,0,30,17300,0.0006936416,1,0,1,0,12,4
"14",1,0,29,24500,0.03879551,1,0,0,1,3,2
"15",1,0,35,19080,0.02690671,1,0,2,0,5,10
"16",1,0,41,32000,0.1258194,1,0,1,1,22,14
"17",1,0,40,40000,0.07481575,1,0,2,1,0,8
"18",0,7,30,30000,4e-04,1,0,2,1,8,5
"19",1,0,40,99999,0.06579486,1,1,0,1,0,2
"20",0,3,46,34000,0.0003529412,0,0,0,1,10,2
"21",1,0,35,23500,0.02238596,1,0,2,1,1,10
"22",0,1,25,18750,0.00064,0,0,2,0,2,1
"23",1,0,34,20000,0.131112,1,0,0,1,0,1
"24",1,1,36,40000,0.05119225,0,0,2,1,22,2
"25",1,0,43,51400,0.008949417,1,0,2,1,17,1
"26",1,0,30,45060,0.1337421,0,0,2,1,7,3
"27",0,0,22,38400,0.0003125,0,1,1,0,1,1
"28",1,0,22,15000,0.058608,0,0,0,1,6,5
"29",0,0,34,25000,0.00048,1,0,1,1,0,1
"30",1,0,40,55000,0.3344596,1,0,4,1,19,6
"31",1,0,22,20272,0.02532014,0,0,0,0,5,1
"32",1,1,29,32000,0.1567194,0,0,0,1,6,1
"33",0,1,25,31500,0.0003809524,1,0,1,1,5,3
"34",1,0,21,24663,0.2689328,1,0,1,1,10,1
"35",1,0,24,30000,0.08901566,0,0,0,1,5,1
"36",1,0,43,35412,0.1834562,1,0,6,1,15,9
"37",0,0,43,22845,0.000525279,0,0,2,1,0,4
"38",1,0,37,57000,0.1197419,1,0,1,1,16,3
"39",1,0,27,35000,0.1181043,0,0,0,1,14,0
"40",1,0,28,46000,0.1057439,1,0,4,1,13,2
"41",1,0,26,30000,0.124375,1,0,0,1,10,1
"42",1,0,23,25850,0.02505764,0,0,0,1,1,1
"43",1,0,30,15100,0.05125828,0,0,1,0,1,1
"44",1,0,30,18500,0.1075816,0,0,0,1,12,5
"45",1,0,38,26000,0.004807692,0,0,0,1,1,1
"46",0,0,28,18000,0.0006666667,0,1,2,1,2,2
"47",1,0,36,20000,0.192044,0,0,0,1,4,13
"48",0,0,38,32628,0.0003677823,0,0,1,0,1,8
"49",1,0,26,23500,0.04285106,0,0,1,0,2,2
"50",1,0,28,70000,0.1105849,1,0,0,1,13,0
"51",0,0,50,36000,0.0003333333,0,0,2,0,0,1
"52",1,0,24,20000,0.0559685,0,0,0,1,12,2
"53",1,0,21,17000,0.07420824,0,0,0,1,4,0
"54",1,0,24,28000,0.014875,0,0,2,1,8,4
"55",1,0,26,24000,0.02071958,0,0,0,1,2,3
"56",1,1,33,30000,0.068022,0,0,0,0,5,18
"57",1,0,34,48000,0.4745083,0,0,3,1,1,1
"58",1,0,33,31800,0.3058082,0,0,4,0,3,2
"59",0,0,45,18000,0.0006666667,0,0,2,0,0,3
"60",1,0,21,15000,0.02655333,0,0,0,1,4,2
"61",1,2,25,30000,0.038453,0,0,0,0,4,1
"62",1,0,27,22800,0.01492807,0,0,3,1,5,3
"63",1,0,26,28000,0.0921725,0,0,1,1,16,1
"64",1,0,22,27000,0.03544926,0,0,0,1,0,0
"65",0,3,27,49000,0.000244898,1,0,2,1,15,1
"66",0,0,26,25000,0.00048,0,1,0,0,0,2
"67",1,0,41,60000,0.06123966,0,1,2,1,16,15
"68",1,0,42,39000,0.03221615,0,0,0,1,2,6
"69",0,0,22,51000,0.0002352941,0,0,0,1,0,2
"70",1,0,25,30740,0.2508032,0,0,0,1,0,0
"71",1,0,31,24585,0.1503596,1,0,2,1,16,4
"72",1,0,27,20000,0.111812,0,0,0,1,5,1
"73",1,0,33,32480,0.02089871,0,0,2,0,2,12
"74",1,0,37,27250,0.05719193,0,0,2,1,14,1
"75",1,0,27,22000,0.05078546,0,0,0,1,10,12
"76",0,1,24,41000,0.0002926829,0,0,1,0,4,0
"77",1,0,24,37500,0.09367893,0,0,0,1,11,2
"78",1,0,25,28800,0.04106146,0,0,0,1,0,1
"79",1,0,33,25500,0.04792941,0,0,2,1,18,0
"80",0,0,33,40000,3e-04,0,0,2,1,0,2
"81",1,1,55,26400,0.02984697,1,0,1,1,19,6
"82",1,0,20,16500,0.07904787,0,0,0,1,8,3
"83",1,0,29,24000,0.02494458,0,0,0,1,4,2
"84",0,3,40,37099,0.0003234589,0,0,2,1,11,1
"85",1,0,41,72400,0.03904502,1,0,2,1,13,15
"86",0,0,41,43860,0.0002735978,1,0,3,1,9,14
"87",0,0,34,33000,0.0003636364,1,0,2,0,18,3
"88",0,0,24,23040,0.0005208334,0,0,1,1,0,1
"89",0,1,54,41800,0.0002870813,0,0,1,1,2,24
"90",0,2,34,24875,0.0004824121,0,0,1,1,3,7
"91",0,0,45,28055,0.0004277313,1,0,5,1,0,0
"92",1,0,43,24000,0.03435875,0,0,0,1,0,1
"93",0,4,35,15000,8e-04,0,0,1,1,9,1
"94",0,2,36,84000,0.0001428571,0,0,2,1,12,6
"95",1,0,22,15600,0.0007692308,0,0,0,1,2,1
"96",1,1,33,60000,0.09483,1,0,0,1,6,4
"97",1,1,25,36000,0.07804389,0,0,2,1,4,1
"98",1,0,26,50000,0.1082892,1,0,0,1,16,0
"99",1,0,46,55000,0.05487727,1,0,2,1,7,13
"100",1,1,35,99999,0.1101059,1,0,0,1,29,6
"101",0,0,35,45500,0.0002637363,1,0,3,1,15,3
"102",0,0,21,29000,0.0004137931,0,0,0,1,3,3
"103",1,0,25,18000,0.09848222,0,0,0,0,9,0
"104",1,0,31,42000,0.04768381,1,0,0,1,0,4
"105",1,0,23,39200,0.2269911,0,0,0,1,0,1
"106",1,0,23,36250,0.03514566,0,0,1,0,6,4
"107",1,0,25,24800,0.1313552,0,0,0,1,0,2
"108",1,0,41,99999,0.07620686,1,0,3,1,17,10
"109",1,0,44,100393,0.02186308,1,0,1,1,18,1
"110",1,0,23,29500,0.03642203,1,0,0,1,17,1
"111",1,0,42,50000,0.24272,0,0,1,1,5,3
"112",1,0,28,24000,0.1137675,0,0,0,1,29,0
"113",1,0,46,135000,0.01031111,1,0,2,1,9,10
"114",0,3,26,40000,3e-04,0,0,0,0,5,3
"115",1,1,37,39000,0.0916836,0,0,0,1,4,4
"116",1,1,38,20000,0.0608075,1,0,3,1,3,4
"117",1,0,30,21500,0.03192233,0,0,0,1,4,1
"118",1,0,21,30000,0.030976,0,0,2,0,2,2
"119",1,0,40,43000,0.03419023,0,0,0,1,4,9
"120",0,4,23,99999,0.0001200012,0,0,2,1,5,2
"121",1,0,22,25000,0.0067932,0,0,0,1,3,3
"122",1,0,22,30000,0.05111367,0,0,0,1,11,10
"123",1,0,41,26000,0.004230769,1,0,0,1,3,4
"124",1,1,19,16600,0.0568759,1,0,0,1,2,4
"125",1,0,34,45000,0.0032,1,1,4,1,6,2
"126",1,0,25,50000,0.0316508,0,0,0,1,16,3
"127",1,0,20,17400,0.1919466,0,0,0,1,11,1
"128",1,0,25,18750,0.08070774,0,0,1,0,1,1
"129",1,0,42,30000,0.095609,1,0,3,0,0,10
"130",0,5,31,42000,0.0002857143,0,0,3,0,19,4
"131",0,0,53,49000,0.000244898,1,1,0,0,1,9
"132",1,0,24,21300,0.02122066,0,0,1,1,4,1
"133",0,1,25,17000,0.0007058823,0,0,2,0,11,1
"134",1,0,22,16800,0.1119048,0,0,0,0,2,2
"135",0,0,21,26400,0.0004545455,0,0,3,1,1,1
"136",1,0,18,19680,0.006455285,0,0,0,0,2,10
"137",1,0,22,33000,0.03947758,0,0,0,1,8,0
"138",1,0,21,15896,0.2052491,0,0,0,1,16,15
"139",1,0,42,36000,0.01785056,0,1,0,0,14,3
"140",1,0,36,30000,0.1130587,0,0,2,1,6,1
"141",1,0,42,38000,0.08315605,0,0,0,1,4,6
"142",1,0,26,33600,0.002625298,0,0,0,1,4,1
"143",0,2,33,23204,0.0005171522,0,0,0,0,3,5
"144",1,0,43,78000,0.006685513,1,0,0,0,2,5
"145",1,0,30,25000,0.0356228,1,1,3,1,9,2
"146",1,0,25,15000,0.0128,0,0,1,1,7,1
"147",1,0,36,35822,0.1049978,1,0,1,1,10,7
"148",1,1,44,40000,0.01795825,1,0,0,1,13,3
"149",1,3,43,67200,0.03142812,1,0,3,1,27,2
"150",1,2,50,43000,0.03620279,1,1,1,1,15,22
"151",1,0,32,35000,0.01055514,1,0,1,1,5,3
"152",0,1,43,39500,0.0003037975,1,0,2,1,4,2
"153",0,5,27,40000,3e-04,1,0,0,1,7,3
"154",1,0,25,24000,0.23063,0,0,1,0,1,14
"155",1,0,50,27000,0.08877037,1,0,0,0,3,10
"156",1,0,28,66000,0.007129848,0,0,2,1,7,5
"157",1,0,26,27000,0.04111704,0,0,0,1,0,2
"158",1,0,29,41000,0.04264756,0,0,0,1,0,1
"159",1,0,72,77010,0.06251058,1,0,1,1,9,2
"160",1,0,24,28000,0.05955571,0,0,0,1,0,0
"161",1,0,25,31200,0.04245641,0,0,2,1,6,0
"162",1,0,25,23000,0.02855478,0,0,0,1,2,2
"163",1,0,30,36700,0.001798365,1,0,0,1,3,5
"164",0,0,33,65000,0.0001846154,1,0,0,1,6,4
"165",1,0,23,25600,0.1502422,0,0,1,1,2,1
"166",1,0,49,35000,0.067888,1,0,0,1,9,4
"167",1,0,25,32400,0.02563117,0,0,0,1,19,2
"168",1,0,25,34800,0.05121034,1,0,0,1,5,1
"169",1,0,25,29380,0.02812798,0,0,0,1,0,1
"170",0,1,29,24750,0.0004848485,0,0,1,0,5,1
"171",0,5,29,31200,0.0003846154,0,0,0,0,7,1
"172",0,0,32,25000,0.00048,0,0,1,1,0,5
"173",1,0,26,30000,0.04865566,1,0,0,1,4,1
"174",1,0,34,60000,0.017262,1,0,1,1,5,4
"175",1,0,28,26000,0.04854384,1,0,0,1,6,2
"176",1,0,24,39000,0.01830487,0,0,1,1,7,1
"177",0,1,31,25000,0.00048,0,0,0,1,6,2
"178",0,1,35,33000,0.0003636364,0,0,3,0,3,4
"179",1,0,32,59050,0.0251939,0,0,1,1,2,1
"180",1,1,36,78000,0.01210897,1,0,1,1,18,2
"181",0,3,32,20600,0.0005825243,0,0,0,1,8,4
"182",1,0,31,56965,0.008123409,1,1,2,0,26,7
"183",1,0,28,21600,0.02572685,0,0,2,1,0,1
"184",0,3,42,46000,0.0002608696,0,0,0,1,3,5
"185",1,0,22,35000,0.090862,0,0,2,1,9,4
"186",1,0,30,25500,0.03532235,1,0,1,1,0,1
"187",1,0,44,17472,0.07401385,1,0,0,0,2,2
"188",1,0,30,19500,0.004564103,1,0,2,1,2,8
"189",1,0,34,50000,0.0501734,1,0,3,1,10,1
"190",1,0,24,28896,0.08017754,0,0,0,0,0,1
"191",1,0,25,27000,0.06417074,1,0,1,1,8,1
"192",1,0,24,40000,0.1076917,0,0,0,1,10,1
"193",1,0,24,23000,0.03099,0,0,0,1,0,1
"194",1,0,32,24000,5e-04,0,0,1,1,8,1
"195",0,0,46,26000,0.0004615385,0,0,0,1,8,5
"196",1,0,22,24000,0.2326392,1,0,1,1,4,14
"197",1,0,36,25200,0.06781389,0,0,2,0,3,4
"198",1,0,24,15600,0.3860019,0,0,0,0,1,3
"199",1,0,49,24000,0.04437958,0,1,0,1,6,1
"200",1,0,26,20000,0.1700255,0,0,0,1,2,0
"201",1,1,29,25800,0.1680209,0,0,0,1,12,0
"202",1,0,33,31500,0.05726571,0,1,0,0,3,11
"203",1,0,29,23000,0.04004043,0,0,2,0,5,2
"204",1,0,48,46500,0.01516022,0,0,2,1,11,2
"205",1,0,22,31200,0.03396795,0,0,0,1,3,5
"206",1,0,30,20000,0.0048,1,0,3,1,14,4
"207",0,6,63,25500,0.0004705882,0,0,2,0,13,2
"208",1,1,22,24600,0.1409972,0,0,1,1,11,0
"209",1,0,31,38000,0.03251895,0,0,0,0,1,2
"210",1,0,48,26372,0.006635826,1,0,0,1,12,0
"211",1,1,40,70000,0.109958,1,0,2,0,22,2
"212",0,0,53,28000,0.0004285714,0,0,1,0,11,13
"213",0,0,23,31475,0.000381255,0,0,2,0,0,2
"214",0,1,25,60000,2e-04,0,0,2,1,2,1
"215",1,0,25,32500,0.03124,0,0,0,1,17,0
"216",1,0,61,43200,0.03697246,1,0,1,0,0,21
"217",1,0,29,25000,0.0767256,0,0,0,1,21,1
"218",1,0,35,30000,0.054018,0,0,1,1,8,0
"219",1,0,26,35000,0.08595,0,0,0,1,2,4
"220",1,0,43,45600,0.04965899,0,0,0,1,11,12
"221",1,0,28,27600,0.01036232,0,0,0,1,1,2
"222",1,0,22,25350,0.1013325,1,0,2,1,9,2
"223",0,7,41,32388,0.0003705076,0,0,0,1,16,4
"224",0,2,35,38400,0.0003125,0,0,0,0,2,3
"225",1,0,33,13200,0.03875531,0,0,1,1,2,0
"226",0,0,26,39000,0.0003076923,0,0,0,1,3,2
"227",0,0,57,20400,0.0005882353,1,0,0,1,11,3
"228",1,1,30,72904,0.07818501,1,0,4,1,14,4
"229",1,0,25,75000,0.04870107,1,0,0,1,8,25
"230",1,0,35,32604,0.02910716,0,0,1,1,6,3
"231",1,0,25,16320,0.1754246,0,0,1,1,5,0
"232",1,0,41,80000,0.04667138,1,0,2,1,0,3
"233",1,0,31,22000,0.04216182,1,0,2,1,16,1
"234",1,0,28,50000,0.0289768,1,0,1,1,0,2
"235",1,0,31,30000,0.062629,1,0,2,1,8,6
"236",1,0,46,20000,0.00685,1,0,0,1,1,6
"237",1,0,20,15400,0.08959676,0,0,0,1,2,0
"238",0,0,28,15000,8e-04,0,0,1,0,0,0
"239",1,0,52,30000,0.07210633,1,0,0,1,0,10
"240",1,1,42,50000,0.1501082,1,0,3,1,7,7
"241",1,0,52,47232,0.02165545,1,0,1,0,0,5
"242",1,0,54,15000,8e-04,1,0,0,0,6,5
"243",1,0,26,23000,0.03560869,0,0,0,1,0,2
"244",1,0,20,16000,0.08383188,0,0,0,1,0,0
"245",1,0,28,22000,0.1403464,0,0,0,0,1,0
"246",1,0,23,43200,0.1877141,0,0,2,1,11,3
"247",0,0,23,26000,0.0004615385,0,1,0,1,7,3
"248",1,0,20,16752,0.1757384,0,0,0,1,0,1
"249",1,0,84,28725,0.005848564,1,1,0,0,11,3
"250",1,0,24,26000,0.06905923,0,1,0,1,2,2
"251",1,0,34,29000,0.104841,1,0,2,1,20,1
"252",1,0,25,26500,0.009650944,0,0,0,1,9,1
"253",1,0,27,19000,0.02667368,0,0,0,1,9,2
"254",1,0,66,29500,0.04856136,1,0,1,1,19,19
"255",1,0,22,31200,0.08677917,0,0,1,0,6,1
"256",1,0,35,41125,0.02962699,1,0,1,1,23,3
"257",0,1,46,60000,2e-04,1,0,2,1,46,7
"258",1,0,25,20000,0.006652,0,0,0,1,19,2
"259",0,2,36,33800,0.0003550296,1,0,2,1,15,2
"260",1,0,34,35000,0.002742857,0,0,0,1,0,1
"261",1,0,30,26000,0.005961538,1,0,4,1,16,4
"262",0,11,26,35000,0.0003428572,0,0,0,0,27,1
"263",1,1,25,28000,0.06297679,0,0,0,1,11,1
"264",1,0,38,59000,0.06604102,1,0,3,1,11,2
"265",1,0,46,54000,0.05977204,1,0,4,1,7,17
"266",1,0,30,28000,0.1067854,0,0,0,1,3,4
"267",1,0,44,39000,0.01558974,1,0,3,1,6,15
"268",1,0,47,34000,0.03101882,0,0,0,1,4,4
"269",1,0,22,20800,0.1174231,0,0,0,1,0,0
"270",1,0,58,25000,0.05074,1,0,0,1,13,2
"271",1,1,24,19500,0.03098154,0,0,0,1,4,0
"272",1,0,26,21000,0.18692,0,0,0,1,6,1
"273",0,0,31,30000,4e-04,1,0,1,1,6,2
"274",1,1,35,32000,0.06567625,1,0,2,1,8,2
"275",0,4,38,26000,0.0004615385,0,0,0,1,14,3
"276",1,0,40,30670,0.1596997,0,0,2,0,0,2
"277",1,0,24,28000,0.0146375,0,0,0,1,11,5
"278",1,0,31,48000,0.1011433,1,0,0,1,13,2
"279",0,0,41,47400,0.0002531646,1,0,0,1,0,1
"280",1,0,30,28000,0.03458607,1,0,0,1,14,7
"281",1,0,36,42000,0.002619048,1,0,4,1,13,5
"282",1,0,43,40000,0.07213325,0,0,2,1,9,15
"283",0,4,26,16500,0.0007272727,0,0,0,1,5,3
"284",1,0,34,43000,0.0249386,0,0,1,1,2,1
"285",1,0,64,64532,0.0001859543,1,0,0,1,13,4
"286",1,1,22,30000,0.004701667,0,0,1,0,7,2
"287",1,0,21,17500,0.1932389,0,0,0,0,3,0
"288",0,0,22,18000,0.0006666667,0,0,0,0,6,0
"289",1,0,23,21500,0.009956279,0,0,0,1,1,1
"290",0,0,24,78800,0.0001522843,0,1,4,1,9,0
"291",0,2,27,26000,0.0004615385,0,0,0,1,9,1
"292",1,0,36,24200,0.05948347,1,0,0,1,10,5
"293",1,0,41,28000,0.03716286,1,0,0,0,6,4
"294",1,0,41,36400,0.03113791,0,0,1,1,1,3
"295",1,1,54,99999,0.0998702,1,0,3,1,3,10
"296",0,0,21,19500,0.0006153846,0,0,0,0,1,1
"297",1,2,35,65000,0.1407468,1,0,0,1,13,1
"298",1,0,32,38050,0.008436268,1,0,0,1,7,4
"299",1,0,41,21500,0.1270335,0,0,1,0,16,6
"300",1,2,39,40000,0.1139598,0,0,0,1,8,10
"301",1,0,22,31000,0.2400213,0,0,0,1,0,0
"302",0,0,31,40104,0.000299222,0,0,0,1,0,4
"303",1,0,29,45800,0.01286856,0,0,0,1,7,4
"304",1,0,34,18000,0.1306339,1,0,3,1,2,1
"305",0,4,38,17095,0.0007019597,0,0,2,1,2,4
"306",1,0,22,22593,0.06498916,1,0,0,1,0,0
"307",1,0,26,35000,0.1319654,0,0,2,1,0,1
"308",1,0,40,99999,0.01560016,1,0,4,1,21,6
"309",1,0,24,15678,0.0007654037,1,0,1,1,0,0
"310",1,0,38,29623,0.002227999,1,1,1,1,13,8
"311",1,1,28,27000,0.09362111,0,0,0,1,13,1
"312",1,0,22,21600,0.1106287,1,0,0,1,7,2
"313",1,0,26,40000,0.0012,0,0,2,0,0,2
"314",0,5,32,45000,0.0002666667,1,0,0,1,11,3
"315",0,0,34,18000,0.0006666667,1,0,2,1,13,1
"316",1,0,27,27500,0.06718982,0,0,0,1,3,0
"317",1,0,40,24200,0.01701942,1,0,1,1,25,4
"318",0,0,23,22500,0.0005333333,0,0,3,1,0,1
"319",0,0,24,12000,0.001,0,0,0,0,0,1
"320",0,2,28,26000,0.0004615385,1,0,2,1,3,3
"321",0,0,26,15000,8e-04,0,0,0,1,0,1
"322",1,0,25,21000,0.1966748,1,0,1,1,19,2
"323",0,0,37,22200,0.0005405406,1,0,2,1,0,0
"324",0,2,35,49000,0.000244898,0,0,2,1,3,34
"325",1,0,42,23000,0.04575044,1,0,0,1,12,4
"326",0,2,28,33000,0.0003636364,0,0,1,1,17,3
"327",0,3,45,25000,0.00048,1,0,2,1,18,5
"328",1,0,34,22050,0.04400998,1,0,2,1,10,0
"329",1,1,36,24000,0.071715,1,0,0,1,18,2
"330",1,0,22,27000,0.04682963,0,0,0,1,7,1
"331",1,0,34,37000,0.1893335,1,1,2,1,2,0
"332",0,5,28,21200,0.0005660377,0,0,0,1,10,4
"333",1,0,34,62000,0.1840382,1,0,0,1,11,5
"334",1,0,40,25000,0.0509016,0,0,1,1,2,2
"335",0,1,24,20000,6e-04,0,0,0,0,3,4
"336",0,0,30,24000,5e-04,0,1,2,1,11,6
"337",1,0,45,40300,0.04091464,0,0,0,1,2,6
"338",0,0,32,30000,4e-04,0,0,0,0,0,1
"339",1,0,25,29000,0.0005086207,1,0,0,1,8,5
"340",1,0,28,19900,0.06038794,1,0,1,1,5,1
"341",1,0,57,19200,0.2004224,1,1,1,1,9,5
"342",1,1,34,50000,0.1640628,1,1,1,1,6,9
"343",0,2,33,21600,0.0005555556,1,0,1,0,8,3
"344",1,0,27,22000,0.07969773,0,0,0,1,3,2
"345",1,0,20,22375,0.05063821,0,0,0,1,1,2
"346",0,2,40,24000,5e-04,0,0,0,1,6,6
"347",1,0,40,19000,0.1059958,1,0,3,1,17,9
"348",1,0,26,55000,0.1535069,1,0,1,1,13,2
"349",0,0,32,21600,0.0005555556,0,0,0,0,0,4
"350",1,2,26,70000,0.221529,0,1,0,1,31,1
"351",0,3,37,26000,0.0004615385,1,0,1,1,14,4
"352",0,0,23,25000,0.00048,0,0,0,1,0,2
"353",1,0,28,39000,0.07661206,0,0,0,1,10,4
"354",1,0,49,52000,0.01664154,1,0,1,1,6,1
"355",1,1,24,32500,0.1285348,0,0,0,0,5,1
"356",1,0,33,36000,0.001833333,0,0,0,1,2,2
"357",1,0,33,1e+05,0.09980781,1,0,3,1,28,1
"358",1,0,36,37000,0.03311243,1,0,2,0,18,0
"359",1,0,29,44670,0.1139494,1,1,0,1,5,5
"360",0,0,36,52000,0.0002307692,1,0,2,1,0,1
"361",1,0,23,48000,0.05806896,0,0,2,1,4,0
"362",1,0,61,15000,0.2685167,1,0,1,1,24,31
"363",1,0,54,15000,0.01661133,0,0,0,0,1,2
"364",0,0,26,18504,0.0006485084,0,0,0,1,0,1
"365",1,0,30,24500,0.05832653,0,0,0,1,0,1
"366",1,0,27,18900,0.04420053,0,0,0,1,12,4
"367",1,0,39,35000,0.04514543,1,0,2,0,13,9
"368",0,0,24,27885,0.0004303389,0,0,0,1,0,0
"369",1,0,47,45000,0.1395,1,0,0,1,13,0
"370",0,4,25,28000,0.0004285714,0,0,0,1,7,1
"371",0,3,32,28000,0.0004285714,1,0,3,0,11,9
"372",1,0,33,45000,0.104378,0,0,1,1,2,3
"373",1,0,45,38000,0.03137474,1,0,1,1,3,8
"374",0,0,33,50000,0.00024,0,1,0,1,0,1
"375",1,0,23,27000,0.1686141,0,0,0,1,0,0
"376",0,2,25,25000,0.00048,0,1,1,1,18,2
"377",1,0,27,32000,0.1495691,1,0,2,1,0,1
"378",1,0,23,19200,0.02146354,1,0,2,1,21,1
"379",1,0,46,23080,0.2200399,0,0,1,1,5,8
"380",0,0,29,17000,0.0007058823,0,0,1,1,0,2
"381",1,0,49,30000,0.09670267,1,0,2,0,3,10
"382",1,0,40,24500,0.0714951,1,0,3,1,8,3
"383",1,0,20,34000,0.0006470588,0,0,0,0,0,1
"384",1,0,33,25000,0.245766,0,0,1,1,9,0
"385",1,0,40,30000,0.1275373,1,0,0,1,9,6
"386",1,0,27,31500,0.07226063,0,0,0,1,0,0
"387",1,0,27,35000,0.06670286,0,0,0,1,0,0
"388",1,0,20,18000,0.121795,0,0,0,1,0,1
"389",1,0,24,22500,0.1584613,0,0,1,1,9,1
"390",1,0,23,20000,0.0229845,0,0,0,1,11,2
"391",1,0,27,41000,0.115781,1,0,2,1,14,3
"392",1,0,24,29700,0.08264108,0,0,0,1,7,0
"393",1,0,42,55000,0.03244491,1,0,3,1,0,1
"394",1,0,27,31500,0.06493969,1,0,2,1,9,2
"395",1,0,46,35000,0.04229,0,1,2,1,1,4
"396",1,0,21,15344,0.004301356,0,0,0,1,11,1
"397",1,0,32,51000,0.101359,1,0,0,1,10,3
"398",1,0,23,22500,0.01111111,0,0,0,1,4,1
"399",1,0,26,34100,0.006522581,1,0,1,1,6,1
"400",1,0,35,37000,0.1221516,1,0,1,1,0,1
"401",0,0,35,34000,0.0003529412,0,0,0,1,0,1
"402",1,0,36,41400,0.1375309,1,0,0,1,18,1
"403",0,4,38,48000,0.00025,1,0,1,1,6,4
"404",1,0,35,70000,0.05023986,1,0,3,1,0,0
"405",1,0,29,70000,0.1083524,1,1,0,1,5,1
"406",1,1,29,22000,0.03820546,0,0,0,1,7,4
"407",0,0,29,20600,0.0005825243,1,0,0,0,12,3
"408",0,0,22,15360,0.00078125,0,0,0,0,3,1
"409",0,3,36,40000,3e-04,1,0,0,1,12,2
"410",1,0,44,105000,0.001095238,1,0,4,1,16,14
"411",1,0,32,30500,0.0501859,0,0,0,0,10,5
"412",1,1,57,34838,0.0628954,1,0,0,1,7,45
"413",1,0,24,30000,0.002791667,1,0,2,1,6,2
"414",1,0,35,51000,0.0970047,1,0,4,1,0,0
"415",1,0,53,24500,0.01771837,1,0,0,1,11,0
"416",1,0,31,20000,0.1235615,1,0,1,0,6,4
"417",1,0,54,40000,0.01336725,1,0,1,1,13,16
"418",1,0,46,34800,0.06486379,1,1,1,1,21,1
"419",1,0,21,20000,0.00475,1,1,0,0,3,2
"420",1,0,27,21500,0.2703846,0,0,0,1,12,0
"421",0,0,38,44750,0.0002681564,0,0,2,1,15,5
"422",1,0,33,17000,0.006725882,0,0,0,1,17,12
"423",1,0,28,30000,0.06997,0,0,0,1,11,2
"424",1,0,27,23558,0.01112149,1,0,2,1,5,0
"425",1,0,50,45000,0.09626533,1,0,2,1,11,25
"426",1,0,48,37000,0.03722216,1,0,2,0,7,16
"427",1,0,25,55000,0.02479182,1,1,0,1,0,1
"428",1,0,31,33740,0.01200622,1,0,0,1,9,1
"429",1,0,63,55000,0.02048182,1,0,1,1,15,16
"430",0,1,32,60000,2e-04,1,0,4,1,4,2
"431",1,0,28,69000,0.07231405,1,0,0,1,0,1
"432",1,0,29,27500,0.3822785,1,0,1,1,3,0
"433",1,0,26,20000,0.0049,0,0,0,1,13,2
"434",1,0,22,26875,0.07412688,0,0,3,1,12,7
"435",1,0,27,26796,0.007277206,0,0,4,1,4,3
"436",1,0,22,18000,0.1196106,0,0,0,0,2,0
"437",1,0,25,15600,0.03501987,0,0,1,1,0,1
"438",1,0,20,15000,0.1196407,0,0,0,1,3,0
"439",1,0,25,18804,0.00297809,0,0,0,1,5,0
"440",0,2,37,25200,0.0004761905,1,0,0,1,9,6
"441",1,0,20,22348,0.04474897,0,0,0,0,5,11
"442",0,0,31,17800,0.0006741573,0,0,0,1,0,1
"443",1,0,29,40100,0.002743142,0,0,0,1,15,10
"444",1,0,52,124999,0.2975549,1,0,1,1,21,10
"445",1,0,32,16000,0.2253456,0,0,0,1,8,0
"446",1,0,46,50000,0.02724,1,0,1,1,7,1
"447",1,0,25,22750,0.04983472,1,0,2,1,6,3
"448",1,0,55,34000,0.07603735,0,0,1,1,7,1
"449",1,0,21,17500,0.02445829,1,0,0,1,3,11
"450",1,0,27,32500,0.008601538,1,0,0,1,6,4
"451",1,0,45,39000,0.09064,0,0,0,1,12,10
"452",0,0,36,18500,0.0006486487,0,0,0,0,0,5
"453",1,0,41,40000,0.00331225,1,0,1,1,9,7
"454",1,0,54,43000,0.1763946,1,0,1,1,6,10
"455",1,0,28,35000,0.1119657,1,0,2,0,7,4
"456",1,1,34,81000,0.1107659,1,1,3,1,15,3
"457",1,1,30,40000,0.05105425,1,0,5,1,7,2
"458",1,1,34,20000,0.9063205,0,0,0,1,5,1
"459",1,0,51,53000,0.04344189,0,0,1,1,2,9
"460",0,7,26,26000,0.0004615385,0,0,3,1,11,3
"461",1,0,28,25200,0.08961231,0,0,1,1,0,1
"462",0,0,24,22000,0.0005454546,0,0,0,0,0,3
"463",1,0,29,25000,0.5263956,0,0,0,1,14,1
"464",1,0,34,35000,0.094966,0,0,0,1,13,0
"465",0,1,31,43500,0.0002758621,0,0,0,1,5,2
"466",0,0,39,16000,0.00075,0,0,0,1,1,4
"467",1,0,32,20000,0.023269,0,0,2,1,4,2
"468",1,1,43,48000,0.3706127,1,0,0,1,4,0
"469",1,0,30,30000,0.01855033,1,0,2,1,4,2
"470",1,0,62,16380,0.04700183,1,0,0,0,1,22
"471",0,2,36,29000,0.0004137931,0,0,1,1,21,8
"472",1,0,22,23779,0.01799908,0,0,0,0,5,1
"473",1,0,38,23000,0.0676087,1,0,0,1,3,0
"474",1,0,40,81000,0.09833618,1,0,3,1,13,4
"475",0,2,40,35700,0.0003361345,0,1,0,1,7,3
"476",0,0,34,19440,0.000617284,0,0,1,1,1,4
"477",1,0,35,27500,0.03314945,1,0,0,1,11,13
"478",1,0,28,35000,0.0016,1,0,1,1,7,3
"479",1,0,47,70000,0.05167186,1,0,1,1,8,12
"480",1,0,28,28000,0.096285,0,0,0,0,1,0
"481",1,0,22,19500,0.03733385,0,0,0,1,0,0
"482",0,0,46,65000,0.0001846154,0,0,2,1,9,3
"483",1,0,23,25000,0.2395248,0,0,0,1,0,0
"484",1,1,37,30000,0.003666667,0,0,0,1,9,5
"485",1,0,27,18000,0.07033833,1,0,2,1,4,0
"486",1,0,40,26000,0.02623077,1,0,3,1,9,6
"487",1,0,52,36000,0.070965,1,0,1,1,13,10
"488",1,0,24,23000,0.007781739,0,0,2,0,0,1
"489",0,1,22,17800,0.0006741573,0,0,0,1,1,0
"490",1,0,22,38600,0.0003108808,1,1,0,1,8,2
"491",1,0,46,49000,0.01453408,1,0,2,1,4,13
"492",0,0,40,36000,0.0003333333,0,0,0,0,0,1
"493",1,0,42,32350,0.02476569,1,0,2,1,3,3
"494",0,2,28,18500,0.0006486487,0,0,0,1,12,2
"495",1,0,26,18500,0.05965243,1,0,0,1,9,2
"496",1,0,25,15600,0.1660628,0,0,0,1,0,1
"497",1,0,32,40750,0.007014479,1,0,1,1,9,8
"498",0,5,25,33000,0.0003636364,1,0,1,1,23,6
"499",1,0,24,25100,0.1149625,0,0,0,1,12,1
"500",1,0,28,43750,0.02481051,1,0,1,0,1,7
"501",1,0,27,23500,0.06488553,0,0,1,1,2,2
"502",1,0,21,40000,0.042129,1,0,0,1,4,2
"503",0,2,36,51000,0.0002352941,1,0,1,1,8,5
"504",1,0,32,30000,0.1178903,1,0,2,1,0,1
"505",1,0,29,35000,0.02358028,1,0,5,1,12,4
"506",1,0,40,35000,0.03496943,1,0,0,1,0,1
"507",1,0,35,55000,0.2375431,1,0,4,1,0,1
"508",1,0,52,38000,0.01511711,1,0,1,1,5,4
"509",1,0,23,17900,0.03404134,0,0,0,1,0,0
"510",1,0,38,51000,0.08108,1,0,3,1,17,10
"511",1,0,46,89400,0.02528568,1,0,0,1,17,8
"512",1,0,50,71000,0.04148197,1,0,2,1,0,1
"513",1,0,32,24000,0.1426413,1,0,0,0,8,8
"514",1,1,31,33050,0.006686838,0,0,0,1,12,2
"515",1,0,39,65000,0.2897866,1,0,4,1,18,10
"516",1,0,40,48100,0.01105884,1,0,1,1,9,1
"517",1,0,40,30000,0.02240434,1,1,1,1,22,11
"518",1,0,42,27000,0.04356111,1,0,2,1,11,2
"519",1,0,39,54000,0.01299352,1,1,0,1,17,9
"520",1,0,37,81240,0.03150603,1,1,3,1,5,10
"521",1,0,28,30400,0.03792664,0,0,0,1,0,1
"522",1,1,30,20800,0.03545144,1,0,2,1,11,1
"523",1,0,29,15110,0.0007941761,0,0,0,1,15,4
"524",0,1,31,30000,4e-04,1,0,2,1,2,4
"525",1,0,30,26000,0.2956862,1,0,0,1,4,2
"526",1,0,37,25000,0.0298332,1,0,2,0,4,10
"527",1,0,45,35000,0.01198229,1,0,1,1,13,3
"528",1,0,25,24000,0.1066462,0,0,0,1,10,0
"529",1,0,27,23200,0.007586207,0,0,0,1,0,0
"530",1,0,46,25800,0.07673334,1,0,2,0,15,10
"531",1,0,28,21000,0.09068,1,0,1,0,11,2
"532",1,0,38,23500,0.06853744,0,0,1,1,8,6
"533",1,0,47,28000,0.0004285714,1,0,1,1,2,7
"534",0,2,52,37000,0.0003243243,0,0,4,1,6,0
"535",0,0,37,16800,0.0007142857,1,0,3,0,8,10
"536",0,0,25,26400,0.0004545455,0,0,0,1,33,2
"537",1,1,28,23000,0.03489609,1,0,1,1,14,2
"538",1,2,35,68880,0.01023621,1,0,0,1,18,0
"539",0,4,25,40000,3e-04,0,0,0,1,32,3
"540",1,0,28,20000,0.06025,1,0,1,0,8,3
"541",0,0,19,19700,0.0006091371,0,0,1,1,2,2
"542",1,0,25,30000,0.01046967,0,0,2,1,11,0
"543",1,0,26,27500,0.1835625,1,0,1,1,11,0
"544",1,0,31,50000,0.0743784,1,0,2,1,12,1
"545",1,0,34,21000,0.0449081,0,0,4,1,0,1
"546",1,0,28,40000,0.03709175,1,0,2,1,0,0
"547",1,1,48,30000,0.03187233,1,1,0,1,12,15
"548",1,0,37,33000,0.1568097,0,0,0,1,0,0
"549",0,3,45,23500,0.0005106383,0,0,0,1,15,3
"550",0,2,53,21600,0.0005555556,0,1,0,0,5,6
"551",1,0,28,39000,0.04137513,1,0,3,1,6,1
"552",1,0,40,23115,0.02862341,0,0,1,1,9,13
"553",1,0,49,17000,0.0007058823,0,0,1,0,6,1
"554",1,0,40,20000,0.0723855,0,0,0,1,4,2
"555",1,0,24,48000,0.0801425,0,1,0,1,2,4
"556",1,0,34,30000,0.5409953,1,0,0,1,3,6
"557",1,0,21,15600,0.06716603,0,0,0,0,5,2
"558",1,0,39,20000,0.049059,1,0,2,1,9,17
"559",1,0,24,26000,0.2969185,0,0,1,1,11,1
"560",1,0,48,46800,0.03474402,1,0,1,1,6,18
"561",1,0,35,40000,0.2582515,0,1,0,0,6,17
"562",1,0,52,18744,0.0552038,1,0,0,1,4,21
"563",1,3,48,31000,0.1792845,0,0,0,1,15,2
"564",1,0,26,28000,0.05751464,0,0,0,0,3,0
"565",1,0,24,20400,0.1136103,0,0,0,1,5,9
"566",1,0,24,21000,0.3213481,0,0,0,1,5,2
"567",1,0,22,20000,0.164968,0,0,0,1,7,1
"568",1,0,33,56000,0.08529589,1,0,4,1,4,7
"569",1,0,39,30000,0.04979033,1,0,1,1,11,7
"570",1,0,22,24000,0.08183375,0,0,0,1,0,2
"571",1,0,23,18500,0.06057946,0,0,0,1,1,0
"572",1,0,24,29000,0.04706862,1,0,0,1,3,5
"573",0,0,27,20000,6e-04,0,1,1,1,2,5
"574",1,0,52,18900,0.02392328,0,0,0,1,6,20
"575",1,0,20,20000,0.204897,0,0,0,1,7,2
"576",1,0,25,16417,0.3715959,0,0,0,1,9,2
"577",0,4,23,23400,0.0005128205,0,0,0,1,6,5
"578",1,0,24,19000,0.2731216,0,0,0,1,6,2
"579",1,0,22,15300,0.03650327,1,0,0,1,11,2
"580",1,0,22,39946,0.07619161,0,0,0,1,2,22
"581",1,0,46,16000,0.04630688,0,0,0,1,11,14
"582",1,0,19,18000,0.08415,0,0,0,1,0,0
"583",1,1,30,37000,0.595776,0,0,0,1,7,2
"584",1,0,29,21000,0.009285714,0,0,0,1,5,2
"585",1,0,27,20000,0.03145,0,0,1,1,1,0
"586",0,1,45,26000,0.0004615385,1,0,0,1,1,4
"587",1,0,27,26750,0.03482019,1,0,0,1,0,11
"588",0,1,30,41600,0.0002884615,1,1,2,1,15,3
"589",1,0,25,21000,0.1375624,0,0,1,1,5,2
"590",1,0,28,24000,0.0337825,0,0,1,1,4,2
"591",1,0,39,31200,0.02673974,1,1,2,1,5,6
"592",1,0,31,30000,0.06917133,1,0,1,1,13,2
"593",1,0,40,31150,0.07675923,1,0,1,1,11,5
"594",0,3,23,16213,0.0007401468,0,0,1,0,4,12
"595",1,0,44,43681,0.04429271,1,0,2,1,10,9
"596",0,0,25,25340,0.0004735596,0,0,0,1,3,1
"597",0,2,41,31000,0.0003870968,1,0,1,1,5,6
"598",0,7,32,27161,0.0004418099,0,0,1,0,10,5
"599",1,0,42,40400,0.01336535,0,0,0,1,6,0
"600",1,0,47,27495,0.2148416,0,0,0,0,11,13
"601",1,0,28,30000,0.1608053,0,0,1,1,2,2
"602",1,0,31,31500,0.06829016,1,0,1,1,9,2
"603",0,0,38,59700,0.000201005,1,0,1,1,19,0
"604",1,0,31,26000,0.0841927,0,0,0,1,0,0
"605",0,0,48,84000,0.0001428571,1,0,3,1,0,0
"606",1,0,22,19500,0.03838103,0,0,0,0,4,3
"607",1,0,37,30000,0.032497,1,0,3,0,4,11
"608",1,0,24,28000,0.003928571,1,0,0,1,3,1
"609",1,1,25,45500,0.04465253,1,0,1,1,10,4
"610",1,0,21,19900,0.03496332,0,0,2,1,5,1
"611",1,0,49,45000,0.05416889,0,0,2,1,0,1
"612",0,0,36,40000,3e-04,0,0,2,1,1,6
"613",1,0,39,35000,0.06206229,1,0,1,1,0,4
"614",0,1,28,21500,0.0005581395,0,0,0,1,1,8
"615",0,0,23,16200,0.0007407407,0,0,0,1,7,3
"616",1,0,31,35000,0.1656494,0,0,1,0,0,1
"617",1,0,27,29000,0.006872069,1,1,1,1,3,2
"618",1,0,39,34064,0.06364079,0,1,1,1,7,10
"619",1,0,25,40000,0.00165,0,1,2,1,4,4
"620",1,0,27,26000,0.8778461,0,0,0,1,7,0
"621",1,0,25,20676,0.2071184,0,0,0,1,17,0
"622",1,0,45,24000,5e-04,0,0,0,1,11,3
"623",1,0,25,34200,0.008915205,0,0,0,1,0,0
"624",1,0,22,67000,0.05414866,0,0,0,1,6,1
"625",1,0,40,54300,0.007506077,0,0,0,1,11,1
"626",1,0,24,16200,0.01050802,0,0,0,0,4,1
"627",1,0,32,24192,0.05800388,0,0,0,1,7,2
"628",1,0,25,34000,0.05114029,0,0,0,1,8,1
"629",1,0,47,36000,0.03811111,1,1,2,1,12,10
"630",1,0,27,25000,0.0887728,0,0,0,1,8,1
"631",1,0,50,17500,0.01074229,1,0,1,1,3,3
"632",1,0,32,25000,0.0544468,0,0,0,1,5,1
"633",1,0,35,45000,0.01022222,1,0,3,1,3,12
"634",0,1,26,24660,0.000486618,1,0,0,1,20,1
"635",1,0,21,27000,0.06984445,0,0,1,1,10,3
"636",0,0,34,24000,5e-04,0,0,0,1,2,2
"637",1,0,50,69000,0.06075971,1,0,3,0,0,13
"638",1,0,41,48000,0.1537802,1,0,3,1,17,10
"639",1,0,21,19200,0.1300521,0,0,0,1,6,7
"640",1,0,40,28000,0.03813821,0,0,3,0,0,2
"641",1,0,25,16949,0.02467697,0,0,0,0,16,0
"642",1,0,29,35000,0.1257411,0,0,0,1,0,2
"643",1,1,40,22500,0.02382222,0,0,0,1,10,7
"644",0,2,31,23150,0.0005183585,0,0,1,1,8,1
"645",1,0,31,40000,0.09011575,1,0,1,0,6,3
"646",1,0,40,45000,0.09576601,0,0,5,1,0,0
"647",1,0,23,31782,0.09312976,0,0,0,1,3,1
"648",1,0,23,30000,0.02586333,0,0,0,1,0,0
"649",1,0,31,30000,0.020658,1,0,2,0,12,4
"650",0,0,25,20000,6e-04,0,0,0,0,6,1
"651",1,0,36,35000,0.2171703,1,0,0,1,17,8
"652",0,0,29,25800,0.0004651163,1,0,0,1,11,3
"653",1,0,46,119999,0.02006617,1,1,1,1,6,2
"654",0,0,23,14340,0.0008368201,1,0,0,1,6,1
"655",1,0,39,36800,0.01952256,1,0,3,1,11,4
"656",0,0,24,25500,0.0004705882,1,0,2,1,0,2
"657",0,4,37,35000,0.0003428572,1,0,2,1,9,1
"658",1,0,28,23000,0.1644965,1,0,1,0,4,1
"659",1,0,26,31894,0.09721233,0,0,0,1,11,1
"660",1,0,26,23500,0.0005106383,0,0,0,1,11,3
"661",0,4,26,19700,0.0006091371,0,0,0,1,6,1
"662",1,0,41,36000,0.1525236,1,0,3,1,10,6
"663",0,1,39,32000,0.000375,0,0,2,1,6,1
"664",1,0,35,20000,0.0033,1,0,2,1,6,3
"665",1,0,32,28500,0.3137003,1,0,2,1,11,2
"666",1,0,24,30950,0.0698588,1,0,1,1,23,1
"667",1,0,25,15000,0.08980467,1,0,1,1,19,1
"668",1,0,57,48000,0.1534315,1,0,0,1,4,12
"669",1,0,24,26000,0.1539746,0,0,0,1,0,0
"670",1,0,23,28500,0.08745825,1,0,1,0,8,4
"671",1,0,28,33500,0.07162478,1,0,0,1,2,2
"672",1,0,33,18142,0.05414067,1,0,0,1,22,1
"673",1,0,35,36000,0.03882722,1,1,4,1,8,4
"674",0,0,31,15150,0.0007920792,0,0,2,1,0,2
"675",1,0,25,24000,0.26509,0,0,1,1,13,2
"676",0,0,39,30000,4e-04,0,0,0,0,2,3
"677",0,7,37,35000,0.0003428572,1,0,2,1,7,5
"678",1,0,30,30000,0.046713,1,0,1,1,8,1
"679",1,0,35,23400,0.1833799,1,0,0,0,11,9
"680",1,0,25,21000,0.1227771,0,0,0,1,17,2
"681",1,0,22,16000,0.1506275,1,0,0,1,3,2
"682",1,0,27,22160,0.03075632,0,0,0,1,2,1
"683",1,0,32,36500,0.006082192,1,0,2,1,17,2
"684",0,6,39,32000,0.000375,0,0,0,1,7,7
"685",0,0,31,26000,0.0004615385,0,0,0,0,0,0
"686",1,1,60,61000,0.0943482,1,0,1,1,14,20
"687",0,2,36,30000,4e-04,0,0,0,1,16,6
"688",1,0,37,45000,0.08238,1,0,0,1,16,5
"689",1,0,29,21840,0.07956502,1,0,0,1,14,0
"690",0,0,66,32500,0.0003692308,1,0,3,1,13,25
"691",1,0,35,22000,0.1334473,1,0,1,1,9,1
"692",1,0,74,28065,0.01688936,1,0,0,1,10,43
"693",1,0,28,24304,0.2284344,1,0,2,1,17,2
"694",1,0,55,67000,0.03858522,1,0,1,1,13,25
"695",0,1,38,40000,3e-04,1,1,3,1,7,3
"696",0,0,38,51600,0.0002325581,1,1,0,1,1,7
"697",1,0,40,51000,0.05751137,1,0,3,1,15,11
"698",1,0,45,42000,0.03867167,1,0,2,0,2,12
"699",1,0,31,56000,0.03980107,1,0,0,0,8,0
"700",1,0,23,18600,0.2670521,0,0,0,1,4,0
"701",0,0,27,16400,0.0007317073,0,0,0,1,0,9
"702",1,0,52,68000,0.002705882,0,0,0,0,5,3
"703",1,0,23,18468,0.011423,0,0,0,1,4,4
"704",0,0,22,18000,0.0006666667,0,0,2,1,0,0
"705",0,1,37,30000,4e-04,1,0,1,1,16,1
"706",1,0,36,22000,0.01145455,1,0,0,1,0,6
"707",0,1,23,18000,0.0006666667,0,0,0,1,2,0
"708",1,0,32,26000,0.002961538,0,0,0,1,21,7
"709",0,0,27,20000,6e-04,0,0,0,1,4,2
"710",1,0,38,50000,0.0572476,1,0,3,1,0,1
"711",1,0,29,42200,0.08559075,1,0,1,1,3,2
"712",1,0,38,40188,0.1649273,0,0,3,0,3,8
"713",1,0,26,30000,0.045469,0,0,0,1,8,2
"714",1,0,22,31532,0.03821515,0,0,0,0,3,1
"715",1,0,24,28000,0.06339286,0,0,0,1,8,5
"716",1,0,30,28600,0.2015343,0,0,0,1,1,4
"717",1,0,23,20400,0.1794971,0,0,0,1,9,1
"718",1,0,34,35000,0.02189943,1,0,0,1,8,1
"719",1,0,65,71250,0.02533895,1,0,1,1,8,20
"720",0,0,24,25000,0.00048,0,0,0,0,0,3
"721",1,0,24,33000,0.06044576,0,0,0,1,5,0
"722",1,0,37,22000,0.08092181,0,0,1,1,4,1
"723",1,1,38,32000,0.04545781,1,0,1,0,12,7
"724",1,0,22,40000,0.0480585,1,0,0,1,4,2
"725",1,0,38,55689,0.04341593,0,0,3,1,7,2
"726",1,0,37,70000,0.01020614,1,0,3,1,5,2
"727",0,1,26,23000,0.0005217391,0,0,0,1,3,6
"728",1,0,22,55000,0.07795545,0,0,0,1,0,4
"729",1,1,41,25000,0.07657401,0,1,2,0,3,11
"730",0,1,41,25000,0.00048,1,0,1,1,8,8
"731",1,0,25,80000,0.01700675,1,0,2,1,0,2
"732",1,0,24,18300,0.07156994,0,0,1,0,10,1
"733",1,0,27,29000,0.03821552,0,0,0,0,3,1
"734",0,3,39,47000,0.0002553191,1,0,3,1,8,3
"735",0,2,23,17250,0.0006956522,0,0,0,0,5,17
"736",0,0,37,15548,0.0007718034,0,0,1,1,0,3
"737",1,0,42,38200,0.1451636,0,0,2,1,2,3
"738",1,0,52,24000,0.06928459,0,1,1,1,2,8
"739",1,0,32,24000,0.1869583,0,0,1,0,1,4
"740",1,0,36,30000,0.121849,0,0,1,1,5,15
"741",1,0,21,16000,0.2893312,0,0,0,1,3,16
"742",1,0,42,26800,0.1430284,0,0,1,1,0,7
"743",1,0,32,63000,0.08876603,0,1,4,1,7,5
"744",1,0,24,16000,0.04509,0,0,0,1,2,4
"745",1,0,32,26000,0.07879038,0,0,1,0,3,6
"746",1,0,29,21000,0.1384924,0,0,2,1,7,2
"747",0,1,28,19324,0.0006209894,0,0,2,1,4,6
"748",1,0,23,25000,0.229822,1,0,0,1,4,1
"749",0,1,45,18000,0.0006666667,0,1,0,1,2,5
"750",1,0,31,35600,0.03320618,0,0,0,1,9,6
"751",1,0,25,34000,0.1063297,0,0,0,1,7,1
"752",1,0,28,25500,0.2395941,0,0,1,1,3,8
"753",1,0,47,49200,0.0448939,1,1,1,1,14,24
"754",1,0,26,39000,0.01446872,0,0,0,1,13,2
"755",1,0,37,52000,0.05915846,0,0,0,0,0,1
"756",1,0,54,90000,0.06282978,1,0,3,1,6,12
"757",1,0,35,60000,0.4582348,0,0,2,1,0,1
"758",1,0,36,75000,0.0205616,1,0,4,1,12,2
"759",1,0,44,90000,0.2599927,0,0,2,1,7,0
"760",1,0,20,21000,0.1538495,0,0,1,0,6,2
"761",1,0,24,30000,0.016826,0,0,3,1,3,2
"762",1,0,28,26000,0.03666654,0,0,0,1,5,14
"763",1,0,55,54800,0.1342037,1,0,1,1,4,12
"764",1,0,40,82000,0.02820012,1,0,3,1,15,14
"765",1,1,33,25000,0.1573136,0,0,0,1,3,12
"766",1,0,28,30000,0.07104634,1,0,0,1,0,2
"767",1,0,36,65000,0.067598,1,0,0,1,0,0
"768",1,1,57,75720,0.006669308,1,1,2,1,18,3
"769",1,1,28,20000,0.051839,0,0,1,1,2,5
"770",0,3,31,32500,0.0003692308,0,0,1,1,7,6
"771",0,2,24,30000,4e-04,0,0,0,1,4,2
"772",1,0,41,70000,0.06458829,0,0,3,1,2,0
"773",0,7,33,75000,0.00016,0,0,0,1,8,2
"774",1,0,38,38000,0.05987158,1,0,0,1,6,2
"775",1,0,26,37000,0.08436351,1,0,0,1,6,20
"776",1,0,33,34000,0.1436397,1,0,1,1,7,3
"777",0,1,28,28500,0.0004210526,0,0,0,0,7,5
"778",1,0,28,26000,0.05487154,0,0,0,1,4,3
"779",1,0,22,15660,0.07067624,0,0,0,1,1,2
"780",1,0,24,18000,0.1336028,1,0,0,1,5,13
"781",1,0,39,31000,0.1696903,1,0,2,1,3,2
"782",0,0,25,15000,8e-04,0,1,4,0,1,4
"783",1,1,19,21900,0.3406356,0,0,0,1,2,5
"784",1,0,31,55000,0.0708629,1,0,3,1,7,0
"785",1,0,32,44000,0.04042523,1,0,2,1,8,6
"786",1,0,33,30000,0.3761903,1,0,2,1,4,8
"787",1,1,26,29500,0.1325831,0,0,0,1,5,2
"788",1,0,27,16000,0.02353625,1,0,0,1,5,2
"789",1,0,22,20000,0.115791,0,0,0,1,8,1
"790",1,0,25,28542,0.1362319,0,1,1,1,3,4
"791",1,0,27,22000,0.05026682,0,0,0,1,8,4
"792",1,0,29,36500,0.08789534,0,0,0,1,17,2
"793",0,9,35,17000,0.0007058823,0,0,0,1,10,8
"794",1,0,57,16500,0.009515151,0,0,0,1,3,2
"795",1,0,52,26600,0.04462218,1,0,3,1,0,19
"796",1,0,42,27500,0.019072,1,0,1,0,9,11
"797",1,0,39,15600,0.04665384,0,0,0,1,3,2
"798",0,1,57,80000,0.00015,1,0,0,1,7,34
"799",1,0,28,20272,0.1110255,1,0,1,1,1,8
"800",1,0,38,40000,0.0092175,1,0,0,1,8,1
"801",1,0,55,67000,0.07986075,1,0,0,1,0,3
"802",1,0,29,25000,0.1795448,1,0,0,1,9,6
"803",1,0,20,30000,4e-04,0,0,0,1,3,4
"804",1,0,25,32000,0.04542718,0,0,0,1,6,0
"805",1,0,27,31800,0.09087579,0,0,2,0,0,1
"806",1,0,28,32000,0.03100344,1,0,0,1,9,2
"807",1,1,26,17305,0.09120428,0,0,0,1,10,1
"808",1,0,26,24000,0.1078696,0,0,0,1,18,12
"809",0,1,32,22500,0.0005333333,0,0,1,0,13,4
"810",1,0,43,39495,0.1571475,1,0,6,0,0,0
"811",1,0,35,30000,0.01464867,0,0,1,0,2,2
"812",1,0,28,26500,0.07259849,0,0,0,1,0,1
"813",0,5,28,22360,0.0005366727,0,0,0,1,11,6
"814",1,0,39,47000,0.06314021,1,0,4,1,10,1
"815",1,0,41,34800,0.00768908,0,0,0,1,22,2
"816",1,0,23,25500,0.007960784,0,0,1,1,0,0
"817",1,1,44,27700,0.04364765,1,0,0,1,14,4
"818",1,0,48,31131,0.02505766,0,0,0,1,16,1
"819",1,0,19,19680,0.06387195,0,0,0,0,1,5
"820",1,1,21,18000,0.1925344,0,0,0,1,8,16
"821",0,1,55,94000,0.0001276596,1,0,1,0,2,8
"822",1,0,36,55000,0.01289636,0,0,0,1,2,3
"823",0,0,24,15000,8e-04,0,0,0,1,0,2
"824",1,0,25,27000,0.1720774,0,0,1,1,4,2
"825",1,0,24,23500,0.06976553,0,0,0,1,9,2
"826",1,0,40,46000,0.02751957,0,0,2,1,1,0
"827",1,0,32,109999,0.01070092,0,0,0,1,0,1
"828",1,0,62,26545,0.1037453,0,0,0,1,1,8
"829",1,1,36,73500,0.07122857,0,0,0,0,14,4
"830",1,0,23,32000,0.01710906,0,0,0,1,0,1
"831",1,0,28,62000,0.06892936,1,0,0,1,9,2
"832",1,1,38,32700,0.2386927,0,0,2,1,3,1
"833",1,2,49,37000,0.143523,0,0,4,1,11,18
"834",1,0,51,17500,0.2131486,0,0,0,1,1,3
"835",0,0,24,24250,0.0004948454,0,1,2,1,1,11
"836",0,1,29,27000,0.0004444444,0,0,1,0,1,29
"837",1,0,45,37000,0.1384322,0,0,0,1,2,2
"838",1,0,32,32000,0.01378125,0,0,1,1,1,1
"839",1,0,32,31000,0.1304742,0,0,1,1,3,4
"840",0,0,38,90000,0.0001333333,0,0,0,1,0,11
"841",1,3,28,55000,0.2204731,0,1,0,1,11,6
"842",0,0,36,41000,0.0002926829,1,0,2,1,0,2
"843",1,0,38,30000,0.227364,1,0,0,1,2,4
"844",1,0,26,28000,0.1980021,0,0,0,1,3,6
"845",1,0,42,51000,0.03296432,0,0,1,1,4,5
"846",1,0,35,70000,0.03546543,0,1,6,1,3,5
"847",1,0,24,23040,0.3747426,0,0,0,1,2,6
"848",1,0,32,23000,0.2000322,0,0,1,1,6,5
"849",0,1,25,19000,0.000631579,0,0,1,0,4,1
"850",1,0,24,23000,0.1386009,0,0,0,1,3,0
"851",0,1,23,15000,8e-04,0,0,3,1,4,1
"852",1,0,26,23750,0.142851,0,1,1,1,1,10
"853",1,0,30,28000,0.1643857,0,0,0,1,6,1
"854",1,0,27,25224,0.2354365,0,0,1,1,3,8
"855",1,0,27,22000,0.007309545,0,0,0,0,2,5
"856",1,0,32,32000,0.1192053,0,0,0,1,1,2
"857",1,0,32,37000,0.003456757,0,0,0,1,8,7
"858",1,0,46,18000,0.0335,0,0,1,1,2,14
"859",0,2,47,23500,0.0005106383,0,0,0,1,4,13
"860",1,0,23,18200,0.5418599,0,0,0,1,2,8
"861",1,0,42,55000,0.07068036,0,0,0,1,4,8
"862",0,12,30,26000,0.0004615385,0,0,0,1,14,19
"863",1,0,21,21500,0.2658507,0,0,0,1,0,2
"864",1,0,37,38000,0.03591921,1,0,3,1,4,6
"865",1,0,37,20000,0.026928,0,0,1,0,3,3
"866",1,2,27,24500,0.1217171,0,0,0,1,15,0
"867",1,1,46,35000,0.1096431,1,0,1,0,5,10
"868",1,0,26,28000,0.3252597,0,0,0,1,7,0
"869",1,1,30,19900,0.2490915,0,0,0,1,8,7
"870",0,0,28,20000,6e-04,0,0,0,1,0,4
"871",1,0,21,21000,0.07551762,1,0,0,1,5,16
"872",1,0,20,27900,0.02268351,0,0,0,1,5,7
"873",1,0,23,23200,0.1166047,0,0,0,1,8,0
"874",1,0,45,46000,0.07776695,0,0,2,1,5,6
"875",0,1,26,20000,6e-04,1,0,2,1,7,5
"876",1,0,30,30000,0.06942033,0,0,1,1,1,5
"877",1,0,52,33280,0.02882272,1,0,1,1,3,20
"878",1,0,42,24752,0.06724951,0,0,2,0,10,18
"879",1,0,23,43000,0.1578128,0,0,0,1,11,1
"880",0,0,33,17700,0.0006779661,0,0,0,1,1,8
"881",1,1,30,24500,0.1085196,0,0,2,1,13,7
"882",1,0,20,18500,0.3426108,1,0,0,1,2,8
"883",1,0,26,22300,0.05652018,0,0,0,1,1,1
"884",0,0,22,25000,0.00048,0,0,3,0,0,2
"885",1,3,33,35091,0.1596184,0,0,0,1,9,2
"886",1,0,27,32875,0.03242008,0,0,1,1,12,4
"887",1,0,28,42320,0.1239747,0,1,0,1,5,2
"888",0,1,37,18500,0.0006486487,0,0,2,1,2,16
"889",1,0,26,22000,0.06259273,0,0,1,1,10,2
"890",0,0,42,35000,0.0003428572,0,0,0,1,0,4
"891",1,0,24,30000,0.1172833,0,0,0,1,0,1
"892",1,0,25,18000,0.4559923,1,0,0,1,2,8
"893",1,0,26,17000,0.08007,0,0,1,1,8,2
"894",1,0,29,55000,0.062952,0,0,2,1,3,2
"895",1,0,41,25685,0.05233015,0,0,0,1,3,4
"896",0,2,59,35000,0.0003428572,0,0,0,0,5,30
"897",1,0,37,25000,0.0726416,0,0,0,1,2,1
"898",1,0,31,33026,0.001998425,0,0,1,1,4,8
"899",1,0,30,22500,0.106824,0,0,0,1,0,3
"900",1,1,32,1e+05,0.03704,1,0,3,1,4,3
"901",1,0,26,29000,0.08015586,0,0,0,1,0,0
"902",0,2,36,29500,0.0004067797,0,0,1,1,3,6
"903",0,0,25,16000,0.00075,0,0,0,1,0,8
"904",1,0,28,34000,0.02121324,0,0,0,1,4,17
"905",0,4,22,21000,0.0005714286,1,0,0,1,10,17
"906",1,0,28,32000,0.1177562,0,0,0,1,2,2
"907",0,0,29,35000,0.0003428572,0,0,6,1,2,0
"908",1,0,32,24700,0.09478866,0,0,3,1,2,8
"909",1,0,28,26000,0.07505192,0,0,2,1,6,5
"910",0,2,39,40248,0.0002981515,0,0,1,1,4,7
"911",1,0,23,21000,0.179709,0,0,0,0,4,1
"912",1,0,30,19500,0.1804298,0,0,0,1,10,4
"913",0,0,34,35995,0.0003333796,0,0,4,1,0,1
"914",0,2,43,37000,0.0003243243,0,0,4,0,3,7
"915",1,0,32,30000,0.2136177,0,0,0,1,1,1
"916",1,0,32,45000,0.09166333,0,0,0,1,4,4
"917",0,11,25,23000,0.0005217391,0,0,0,1,12,2
"918",1,0,45,35000,0.13624,1,0,0,0,2,20
"919",1,0,25,21000,0.04128572,1,0,0,1,5,4
"920",1,0,41,50000,0.1209914,0,0,0,1,19,3
"921",1,0,40,24500,0.07000694,0,0,0,1,0,15
"922",1,0,41,35000,0.003142857,0,0,1,1,9,10
"923",1,0,24,25000,0.2339912,0,0,0,0,1,1
"924",0,11,30,36000,0.0003333333,0,0,0,1,16,9
"925",1,0,25,26560,0.1594194,1,0,0,1,0,8
"926",0,0,28,25000,0.00048,0,0,0,1,0,7
"927",0,0,28,20000,6e-04,0,0,0,1,0,9
"928",1,0,25,35200,0.02107955,0,0,0,1,3,1
"929",1,1,23,18769,0.3536299,0,0,0,1,3,1
"930",1,0,21,22500,0.03186978,0,0,0,1,1,1
"931",1,0,40,17123,0.0930713,0,0,0,1,0,6
"932",1,0,26,40000,0.026998,0,0,0,0,5,5
"933",1,0,25,21600,0.02055556,0,0,0,0,2,3
"934",1,2,40,33000,0.03977939,0,0,1,1,14,5
"935",1,0,38,70000,0.01116743,1,0,3,1,5,8
"936",1,0,25,21000,0.1102229,0,0,0,1,8,0
"937",1,0,42,30000,0.05293967,1,0,0,1,7,14
"938",1,1,24,35000,0.06996286,0,0,0,1,11,5
"939",0,0,23,20700,0.0005797101,0,0,0,1,0,0
"940",1,0,19,28000,0.1672143,1,0,0,0,0,1
"941",1,0,57,50000,0.00024,1,1,0,1,7,12
"942",1,0,34,21888,0.1483196,0,0,0,1,7,1
"943",0,14,48,20000,6e-04,1,0,1,1,15,10
"944",1,1,49,27000,0.0004444444,0,1,0,1,3,10
"945",1,0,29,26900,0.1571033,0,0,1,0,0,5
"946",1,1,41,37300,0.05783512,1,0,1,1,7,13
"947",1,0,33,20000,0.0938035,1,0,2,0,2,1
"948",1,0,44,43000,0.01639512,1,0,3,1,9,13
"949",1,0,38,55000,0.04493018,1,0,4,1,9,8
"950",1,0,37,59200,0.03028024,1,0,2,1,7,4
"951",1,1,44,76000,0.04906355,1,0,6,1,11,17
"952",1,0,18,28200,0.0418539,0,0,0,0,1,0
"953",1,0,25,22000,0.06938273,1,0,0,0,1,19
"954",1,0,48,26611,0.09956446,1,0,0,1,8,22
"955",0,3,32,75000,0.00016,0,0,0,1,7,2
"956",1,0,33,40000,0.2564355,1,0,2,1,4,4
"957",1,0,32,65000,0.1113085,1,0,2,1,6,1
"958",1,0,38,56000,0.0934841,1,0,4,0,7,10
"959",0,0,20,21000,0.0005714286,0,0,0,1,2,10
"960",1,0,35,45000,0.01804822,1,0,1,1,0,1
"961",1,0,29,25100,0.04510837,0,0,1,0,0,1
"962",1,2,46,100320,0.01013447,1,0,2,1,15,11
"963",1,0,20,35000,0.06020943,0,0,1,1,3,2
"964",1,0,23,35000,0.04541571,0,1,0,1,3,1
"965",1,0,24,39000,0.09410384,0,0,2,1,0,2
"966",1,0,18,25000,0.2115316,0,0,0,0,1,0
"967",1,0,49,52000,0.146526,1,0,1,1,11,25
"968",0,0,48,15000,8e-04,1,0,0,1,0,5
"969",1,0,49,99999,0.01116311,1,0,4,0,12,18
"970",1,0,58,41000,0.08389854,1,0,3,1,15,10
"971",1,0,25,22000,0.06601682,0,0,0,1,6,2
"972",1,0,26,43800,0.03736278,1,0,5,1,6,2
"973",0,5,38,24852,0.0004828585,0,0,2,1,10,2
"974",1,1,30,66000,0.09274364,1,0,0,1,14,2
"975",1,1,31,27400,0.01856679,1,0,3,1,8,6
"976",1,1,59,27000,0.003222222,1,0,0,1,8,21
"977",1,0,38,32618,0.00294316,0,0,4,1,0,2
"978",1,0,46,58000,0.03306483,1,0,0,1,6,10
"979",1,0,26,25000,0.0598016,0,0,0,0,0,0
"980",1,0,30,35000,0.3527866,1,0,0,0,2,0
"981",0,0,80,15000,8e-04,0,0,0,1,0,2
"982",0,0,26,17500,0.0006857143,0,0,0,0,0,9
"983",0,5,40,44000,0.0002727273,1,0,1,1,15,7
"984",1,0,42,47000,0.01847894,1,1,3,1,2,12
"985",1,0,49,33000,0.04070939,1,0,0,1,0,21
"986",1,0,44,58000,0.07990742,1,0,4,1,16,2
"987",0,1,43,53200,0.0002255639,1,0,5,1,7,9
"988",1,0,25,24000,0.0315875,0,0,0,1,9,16
"989",1,0,44,32500,0.05890216,1,0,2,1,6,9
"990",1,0,24,30600,0.1705402,0,0,0,1,0,0
"991",1,0,40,30000,0.016231,1,0,3,1,9,1
"992",1,0,26,22000,0.02147727,1,0,1,1,7,2
"993",1,0,44,30000,0.02302267,1,0,1,1,5,0
"994",1,0,46,42000,0.008841666,1,0,1,1,27,18
"995",1,0,34,23700,0.05412025,1,0,0,1,13,3
"996",1,1,39,25200,0.08646706,1,0,0,1,8,12
"997",1,1,37,54900,0.160214,1,0,1,1,19,5
"998",1,0,20,29800,0.0004026846,0,0,0,1,0,2
"999",0,0,27,36000,0.0003333333,0,0,0,1,2,2
"1000",1,0,40,22500,0.05117067,1,0,0,1,7,20
"1001",1,0,46,32240,0.333848,1,0,5,0,9,14
"1002",1,0,52,50000,0.0204978,1,0,1,0,16,17
"1003",0,3,35,26700,0.0004494382,0,0,0,1,25,4
"1004",1,0,30,37500,0.09561973,1,0,1,1,9,1
"1005",1,0,62,37500,0.00032,1,0,0,1,5,24
"1006",1,0,33,37000,0.004068919,1,0,2,1,15,2
"1007",1,0,39,33000,0.02411576,1,0,3,1,19,16
"1008",1,0,37,70000,0.1540159,1,0,3,1,8,2
"1009",1,2,34,33748,0.1758282,0,0,1,1,15,6
"1010",0,0,30,31200,0.0003846154,0,0,2,0,5,1
"1011",1,0,43,25900,0.03148378,1,1,3,1,5,8
"1012",1,2,29,21000,0.07229714,1,0,3,0,5,8
"1013",1,0,53,30000,0.039573,1,0,1,1,8,18
"1014",1,0,30,30000,0.1059863,1,0,1,0,11,4
"1015",1,0,46,44000,0.004863637,1,0,3,1,18,1
"1016",1,0,30,31000,0.1816442,1,0,2,1,15,3
"1017",1,0,31,29800,0.04374329,0,0,3,1,9,3
"1018",1,0,22,28000,0.2532993,1,0,1,1,7,0
"1019",0,0,37,18339,0.0006543432,0,0,2,1,0,4
"1020",1,0,22,32905,0.01756572,0,0,2,1,5,2
"1021",1,0,29,27000,0.0004444444,0,0,0,1,20,2
"1022",1,0,28,39000,0.04364769,1,0,1,1,17,4
"1023",0,5,27,18000,0.0006666667,0,0,2,1,7,3
"1024",1,0,31,32000,0.04113469,0,0,2,1,0,1
"1025",1,0,33,36500,0.5383649,1,0,1,1,7,3
"1026",1,0,31,35000,0.03930543,0,0,5,1,9,5
"1027",1,0,41,47700,0.003146122,1,0,0,1,10,12
"1028",1,0,39,42000,0.006554524,1,0,0,1,5,2
"1029",0,10,43,50000,0.00024,1,1,4,1,11,12
"1030",1,0,25,20000,0.0549975,1,1,1,0,10,2
"1031",1,0,26,26000,0.1106477,1,0,0,1,13,1
"1032",1,0,61,50000,0.0457034,1,0,2,0,0,0
"1033",1,0,44,40000,0.02011975,1,1,2,1,12,10
"1034",1,0,61,53726,0.04957879,1,1,0,1,0,1
"1035",1,0,41,27246,0.1966153,0,0,2,1,14,3
"1036",1,0,21,18000,0.5535178,0,0,0,0,0,0
"1037",1,0,46,40000,0.03421425,1,0,2,0,16,2
"1038",1,0,27,21000,0.0005714286,0,0,2,1,18,2
"1039",0,0,34,25500,0.0004705882,0,0,3,1,0,3
"1040",1,0,31,25000,0.0611788,1,0,1,1,23,2
"1041",1,0,24,20000,0.100191,0,0,0,1,0,1
"1042",1,0,35,30000,0.126377,0,0,6,0,16,1
"1043",1,0,39,26000,0.07939731,1,0,0,1,9,4
"1044",1,1,36,24000,0.02359458,0,1,1,1,13,3
"1045",1,0,36,40000,0.0920405,1,0,0,1,11,1
"1046",1,0,43,62000,0.006145161,1,0,2,1,14,11
"1047",1,0,23,22000,0.07661773,0,0,0,1,3,1
"1048",0,1,28,20000,6e-04,0,0,3,1,2,0
"1049",1,1,45,58000,0.03635741,1,0,2,1,16,12
"1050",1,0,31,18000,0.01989944,0,0,0,1,10,0
"1051",1,0,27,32640,0.02482904,0,0,0,1,5,1
"1052",1,0,24,21000,0.0836781,1,0,0,1,14,2
"1053",1,0,23,27456,0.002403846,0,0,0,1,9,1
"1054",1,1,55,37000,0.05220054,1,0,1,1,4,25
"1055",1,0,35,48150,0.04295223,1,0,2,1,18,4
"1056",1,0,46,30500,0.003491803,1,0,0,0,4,8
"1057",1,0,39,24000,0.1922946,0,0,1,1,7,8
"1058",1,0,35,50000,0.4258454,1,0,3,1,7,3
"1059",1,0,19,26000,0.1316562,0,0,0,1,2,7
"1060",1,0,28,40000,0.01495,1,1,3,1,13,3
"1061",1,0,46,68000,0.007138088,1,1,0,1,2,4
"1062",1,0,47,19400,0.01680412,0,0,0,0,13,1
"1063",1,0,25,24500,0.09007061,0,0,0,1,6,4
"1064",1,0,51,45300,0.0121468,1,0,4,0,5,10
"1065",1,0,41,68250,0.1168532,0,0,2,1,0,1
"1066",1,1,36,38500,0.01171896,0,0,1,1,8,3
"1067",1,0,32,27500,0.3767844,1,0,2,1,9,2
"1068",0,3,42,35000,0.0003428572,1,0,2,1,19,3
"1069",0,3,33,30000,4e-04,1,0,3,1,7,3
"1070",1,0,22,23000,0.07491956,1,0,2,1,10,2
"1071",1,0,29,18000,0.08336612,0,0,0,1,3,4
"1072",1,0,21,22000,0.3152637,0,0,0,1,6,12
"1073",1,0,35,48000,0.06658583,1,0,3,1,0,1
"1074",1,0,28,20400,0.01792304,1,0,2,1,4,3
"1075",1,1,36,16800,0.138147,1,0,0,1,12,4
"1076",1,0,24,27811,0.05255475,0,0,0,1,0,0
"1077",1,0,64,60000,0.001833333,0,0,0,1,14,4
"1078",1,0,26,35000,0.054492,0,0,0,0,2,3
"1079",0,4,42,18000,0.0006666667,0,0,2,1,10,4
"1080",1,0,35,39000,0.05496077,1,0,2,1,7,3
"1081",1,0,21,20000,0.100224,0,0,0,1,1,1
"1082",1,2,42,71195,0.09599761,1,0,3,1,6,8
"1083",0,2,25,18500,0.0006486487,0,0,0,0,3,1
"1084",1,0,32,16000,0.263585,0,0,0,1,3,0
"1085",1,0,34,48500,0.04899547,1,0,2,1,12,10
"1086",1,0,37,28250,0.06534584,1,0,0,1,2,20
"1087",0,1,27,27000,0.0004444444,0,0,1,0,6,14
"1088",0,0,56,14500,0.0008275862,1,0,0,1,4,20
"1089",1,0,27,18000,0.006611111,1,0,0,1,9,4
"1090",0,0,33,37000,0.0003243243,1,0,2,1,0,6
"1091",1,0,19,19000,0.2829621,0,0,0,0,1,16
"1092",1,0,36,26200,0.2154031,1,0,1,0,9,0
"1093",1,0,25,37500,0.128076,1,0,0,1,11,1
"1094",1,0,46,45000,0.03987022,1,0,2,1,9,11
"1095",0,4,38,37000,0.0003243243,0,0,2,1,11,2
"1096",1,1,42,38360,0.103933,1,0,3,1,14,1
"1097",0,0,26,15900,0.000754717,0,0,0,1,9,7
"1098",0,2,26,20700,0.0005797101,0,0,0,0,7,2
"1099",1,0,31,51000,0.1696612,1,0,3,1,9,1
"1100",0,3,40,40128,0.0002990431,0,0,1,1,17,1
"1101",1,0,67,44692,0.002148035,0,0,1,1,1,3
"1102",1,0,33,35000,0.05705314,0,0,0,1,1,2
"1103",1,0,46,50000,0.001525,1,0,0,1,14,12
"1104",1,1,28,25000,0.0032,0,0,1,1,6,2
"1105",1,0,30,15000,0.06344134,0,0,1,0,5,2
"1106",1,1,47,38425,0.006584255,1,0,2,1,16,19
"1107",1,1,43,36000,0.03806583,1,0,2,1,22,5
"1108",1,0,44,29500,0.2008407,0,0,0,1,13,15
"1109",1,0,38,23850,0.1676499,1,1,0,1,13,14
"1110",1,0,28,21600,0.02366667,0,0,0,0,3,4
"1111",1,0,32,20070,0.09045292,0,0,1,1,0,0
"1112",1,0,23,15600,0.09851731,1,0,0,0,7,0
"1113",0,4,58,20000,6e-04,1,1,0,0,44,3
"1114",1,0,23,29000,0.0004137931,0,0,1,1,0,1
"1115",1,0,24,37000,0.07111514,1,0,1,1,5,1
"1116",1,0,37,38400,0.0118375,0,0,3,1,0,1
"1117",0,1,63,21375,0.0005614035,1,0,0,1,7,20
"1118",0,0,23,24000,5e-04,0,0,0,1,0,0
"1119",1,0,24,24000,0.1813192,0,0,0,1,0,1
"1120",1,0,41,20000,0.0055,1,0,0,0,4,1
"1121",0,0,28,15480,0.0007751938,0,0,3,0,1,0
"1122",0,1,52,20000,6e-04,1,0,3,1,7,4
"1123",1,0,28,31000,0.2248926,1,0,0,1,5,1
"1124",1,0,29,25000,0.01238,1,0,0,1,16,2
"1125",1,0,39,51000,0.04952431,1,0,3,0,22,5
"1126",1,0,32,20000,0.073052,1,0,1,1,2,2
"1127",1,0,33,36000,0.02599111,0,0,3,1,9,1
"1128",1,0,25,33984,0.0003531073,1,0,2,0,4,2
"1129",1,0,42,42000,0.02501619,1,0,4,1,14,3
"1130",0,3,35,17000,0.0007058823,1,0,3,0,25,11
"1131",0,0,33,19390,0.0006188757,0,0,1,1,5,8
"1132",1,0,34,29000,0.1951083,1,0,2,1,8,12
"1133",1,0,48,17000,0.01221235,1,0,0,1,18,9
"1134",0,0,27,49000,0.000244898,0,0,2,1,0,0
"1135",1,0,40,22224,0.3980818,1,0,2,1,14,1
"1136",1,0,32,61064,0.1070066,1,0,1,1,1,6
"1137",0,1,21,26250,0.0004571429,0,1,0,1,2,2
"1138",0,2,22,15600,0.0007692308,1,0,0,1,12,0
"1139",1,0,28,26520,0.07283182,1,0,3,1,3,2
"1140",1,0,44,28000,0.04662429,1,0,0,1,1,12
"1141",1,0,24,16000,0.3755244,1,0,0,0,1,4
"1142",1,0,29,50000,0.1619782,1,0,4,1,0,0
"1143",1,1,28,20400,0.2145995,0,0,0,1,10,2
"1144",1,0,48,50400,0.05146786,0,0,3,1,9,4
"1145",0,0,20,19200,0.000625,0,0,0,0,4,0
"1146",0,0,42,34000,0.0003529412,1,0,3,1,9,0
"1147",1,0,43,32000,0.1080344,1,0,0,1,9,6
"1148",1,0,45,31000,0.1251213,1,0,0,1,5,6
"1149",1,0,36,18829,0.1364475,0,0,1,1,12,0
"1150",1,0,22,24000,0.08191958,0,0,0,0,1,9
"1151",1,0,26,30000,0.061896,1,0,0,1,16,3
"1152",0,0,41,18400,0.0006521739,0,1,2,1,0,2
"1153",1,0,36,25000,0.0791488,1,0,1,0,11,4
"1154",1,0,31,51120,0.02974648,1,0,2,1,19,1
"1155",1,0,52,25000,0.0193976,1,0,0,0,3,12
"1156",1,0,34,54000,0.07138018,1,0,3,1,4,2
"1157",0,2,31,25000,0.00048,0,0,0,1,18,1
"1158",1,0,33,21000,0.1308376,0,0,0,0,0,0
"1159",1,1,33,60000,0.08980783,0,0,0,0,17,0
"1160",1,0,26,15600,0.06123782,0,0,2,1,13,1
"1161",1,0,32,40700,0.06885749,0,0,0,1,14,1
"1162",1,1,21,27000,0.118307,0,0,0,1,22,12
"1163",1,0,23,20400,0.1200515,1,0,0,1,12,1
"1164",1,0,60,28000,0.04372321,1,0,3,1,7,19
"1165",1,0,25,62000,0.1706156,0,0,0,1,7,1
"1166",1,0,30,21900,0.4874438,0,0,0,1,0,0
"1167",1,0,29,32000,0.05367281,0,0,0,0,6,3
"1168",1,0,48,23000,0.2265,1,0,0,0,2,6
"1169",1,0,25,17600,0.1375511,0,0,0,1,12,2
"1170",0,0,70,18000,0.0006666667,1,0,0,0,5,44
"1171",1,0,53,39600,0.002424242,1,0,1,0,5,15
"1172",1,0,54,25000,0.009122,1,0,1,0,13,8
"1173",1,0,32,22800,0.06735965,1,0,0,0,15,4
"1174",1,0,34,25000,0.0775176,1,0,1,1,6,2
"1175",1,0,23,26000,0.8245508,0,0,0,1,0,0
"1176",1,0,25,22000,0.1550486,1,0,0,1,6,3
"1177",1,4,40,24480,0.2090833,1,0,1,1,12,3
"1178",0,2,48,68000,0.0001764706,1,1,1,0,20,5
"1179",0,0,36,45000,0.0002666667,1,0,6,0,0,0
"1180",1,0,50,49600,0.1054817,1,0,4,1,7,14
"1181",1,0,35,50000,0.0140794,1,0,4,1,0,0
"1182",1,0,35,21000,0.05904476,0,0,2,1,4,4
"1183",1,0,47,104000,0.2309477,1,0,2,0,0,1
"1184",0,0,20,15600,0.0007692308,1,0,0,0,3,4
"1185",0,9,30,23000,0.0005217391,0,1,3,1,9,1
"1186",0,0,40,49875,0.0002406015,1,0,2,1,16,3
"1187",0,6,35,56335,0.0002130114,1,0,3,0,10,2
"1188",0,0,24,16720,0.0007177034,0,0,0,1,0,2
"1189",1,0,25,15100,0.205298,1,0,0,1,2,2
"1190",1,0,39,28463,0.007026666,1,0,1,1,16,10
"1191",1,0,25,23000,0.08519435,0,0,0,1,7,2
"1192",1,0,25,30000,0.1900073,0,0,0,0,0,1
"1193",1,1,23,22000,0.2345391,1,0,0,0,9,19
"1194",1,0,50,2100,0.2718571,1,0,2,1,1,4
"1195",1,0,37,28000,0.1699286,0,0,0,1,23,3
"1196",0,0,20,18000,0.0006666667,0,0,0,0,1,0
"1197",0,2,25,22000,0.0005454546,0,0,0,1,8,0
"1198",1,1,28,30000,0.029469,0,0,0,1,5,4
"1199",1,0,46,24000,0.01216667,1,0,2,1,11,10
"1200",0,0,21,12000,0.001,0,1,1,1,0,2
"1201",1,0,54,68000,0.1005738,0,0,0,1,15,2
"1202",1,0,25,15000,0.01972267,0,0,0,1,5,2
"1203",1,0,32,27000,0.1151311,0,0,0,1,0,2
"1204",1,1,44,35000,0.1329034,1,0,3,0,19,15
"1205",0,0,32,21000,0.0005714286,0,0,2,1,2,5
"1206",1,0,23,25000,0.4028644,0,0,0,1,1,0
"1207",1,0,28,54700,0.02919232,1,0,3,1,0,2
"1208",0,0,28,23500,0.0005106383,0,0,3,1,0,0
"1209",1,0,22,16500,0.04985151,0,0,0,1,3,3
"1210",1,0,34,92000,0.08662446,1,0,5,1,7,7
"1211",1,1,55,72900,0.1065361,1,0,2,1,9,6
"1212",1,0,33,27200,0.1776717,0,0,1,1,8,0
"1213",1,0,40,36240,0.01570033,1,0,3,1,19,10
"1214",1,0,26,53000,0.05482528,1,0,1,1,20,2
"1215",1,0,55,49000,0.06697714,1,0,2,1,17,8
"1216",1,0,32,36208,0.04983705,1,0,3,1,13,8
"1217",1,0,39,21360,0.05966339,0,0,1,1,14,6
"1218",1,0,28,25000,0.193378,1,0,0,1,7,2
"1219",0,0,40,4900,0.00244898,1,0,2,1,0,8
"1220",1,1,56,43000,0.03501814,1,0,0,1,31,0
"1221",1,0,42,63000,0.04065079,1,0,4,1,20,6
"1222",1,0,21,24000,0.1008329,0,0,0,1,5,0
"1223",1,0,33,28000,0.03015786,1,0,1,1,20,6
"1224",1,0,38,50000,0.0452946,1,0,4,1,25,3
"1225",1,0,28,28000,0.01421429,0,0,0,1,19,2
"1226",1,0,31,28000,0.08684428,1,0,3,1,17,1
"1227",1,0,30,26500,0.03147661,0,0,3,1,9,3
"1228",0,0,25,16000,0.00075,0,0,0,1,0,1
"1229",0,4,47,21000,0.0005714286,0,0,0,0,3,2
"1230",0,0,36,24080,0.0004983389,0,0,4,1,0,1
"1231",0,1,53,31000,0.0003870968,1,0,2,1,9,6
"1232",1,0,34,26160,0.03886773,0,0,2,1,12,0
"1233",0,0,53,110000,0.0001090909,1,1,0,1,0,36
"1234",1,0,22,18000,0.05342556,0,0,0,0,1,4
"1235",1,0,30,25000,0.0210496,1,0,3,1,14,4
"1236",1,0,25,18000,0.09530056,0,0,0,0,4,2
"1237",0,0,21,27268,0.0004400763,0,0,1,1,0,2
"1238",0,0,23,20500,0.0005853659,0,0,0,0,4,4
"1239",1,0,41,50500,0.02842812,1,0,0,1,10,11
"1240",0,2,34,38000,0.0003157895,1,0,0,1,11,13
"1241",0,1,35,42880,0.0002798507,1,0,3,0,13,2
"1242",1,0,29,36000,0.04339778,1,1,0,1,10,5
"1243",1,0,31,43000,0.1346951,1,0,4,1,7,1
"1244",0,0,41,44400,0.0002702703,1,0,2,1,3,8
"1245",1,0,38,26000,0.3961604,0,0,0,1,16,3
"1246",0,1,34,41000,0.0002926829,1,0,2,1,15,2
"1247",0,0,29,28600,0.0004195804,0,0,0,1,0,3
"1248",1,0,27,24000,0.01679833,0,0,0,1,1,5
"1249",1,0,23,18000,0.03098167,0,0,1,0,0,0
"1250",1,0,34,18000,0.1132511,0,0,0,1,8,0
"1251",1,0,38,51000,0.02130902,0,0,0,1,7,5
"1252",1,0,36,35606,0.1090841,0,0,0,1,0,1
"1253",1,0,30,41500,0.1505325,0,0,1,1,4,1
"1254",0,0,32,20237,0.0005929733,0,0,0,1,3,1
"1255",1,0,23,18000,0.111475,0,0,0,1,0,0
"1256",1,1,25,29000,0.08686655,0,0,0,1,6,23
"1257",0,6,36,40000,3e-04,0,0,0,0,5,2
"1258",1,0,29,29500,0.09361254,0,0,0,1,4,2
"1259",0,0,37,32000,0.000375,0,0,0,1,0,1
"1260",1,0,41,45000,0.1431333,1,0,2,1,10,0
"1261",0,6,37,70000,0.0001714286,1,0,4,1,10,10
"1262",0,0,19,22000,0.0005454546,0,0,0,1,0,0
"1263",1,0,22,28000,0.08228679,0,0,0,1,0,0
"1264",1,0,29,22000,0.0005454546,0,0,0,1,0,1
"1265",1,0,27,57700,0.07547747,1,0,1,1,11,1
"1266",1,0,43,24317,0.08052638,0,0,2,1,28,2
"1267",1,0,37,70000,0.03023229,1,0,2,1,17,1
"1268",1,0,27,21500,0.03427907,0,0,0,0,4,1
"1269",1,0,42,52000,0.01342865,1,0,3,1,9,2
"1270",1,0,28,47000,0.2421564,1,0,0,1,19,0
"1271",1,0,26,25000,0.0637624,1,0,0,1,13,1
"1272",1,0,48,50000,0.0219424,0,0,3,1,0,1
"1273",1,0,28,35000,0.05023229,1,0,2,1,11,1
"1274",1,0,26,24500,0.05493143,0,0,0,1,11,0
"1275",0,0,21,99999,0.0001200012,0,0,2,0,0,1
"1276",1,0,31,32000,0.1486019,1,0,2,0,7,1
"1277",1,0,28,35400,0.006866666,0,0,2,1,0,0
"1278",1,0,49,31144,0.008495376,1,0,1,0,6,13
"1279",0,2,35,22500,0.0005333333,0,0,1,1,3,7
"1280",1,1,49,60000,0.1770172,1,0,3,1,19,10
"1281",0,11,25,16800,0.0007142857,0,0,2,1,8,0
"1282",1,0,30,24000,0.01527,0,0,1,1,8,2
"1283",1,0,41,32000,0.01023563,0,0,1,1,2,1
"1284",1,0,41,60000,0.07896433,1,0,0,1,5,4
"1285",1,0,22,17500,0.6214691,0,0,0,1,0,0
"1286",0,0,36,45000,0.0002666667,1,0,2,1,0,19
"1287",1,0,40,25000,0.1922148,0,0,0,1,4,1
"1288",1,0,32,25500,0.1429055,0,0,1,1,7,5
"1289",1,0,33,32600,0.05273589,0,0,0,1,18,3
"1290",1,1,23,36000,0.04884167,0,0,0,1,20,2
"1291",0,0,35,27800,0.0004316547,0,0,0,1,0,0
"1292",1,0,58,44000,0.02659568,1,1,1,1,12,11
"1293",1,0,39,32000,0.01478031,1,0,2,1,19,2
"1294",0,0,27,16000,0.00075,1,0,1,0,0,2
"1295",0,0,24,16360,0.0007334963,0,0,1,1,0,1
"1296",1,0,30,27000,0.01248148,0,0,2,1,8,0
"1297",1,0,34,35000,0.06167429,1,0,0,0,10,2
"1298",1,1,39,34224,0.02909975,1,0,0,1,12,3
"1299",1,0,38,65000,0.02921738,1,0,3,1,9,5
"1300",1,0,20,20000,0.038431,0,0,0,1,6,9
"1301",1,0,36,35800,0.0519919,1,0,2,1,7,10
"1302",1,0,26,25000,0.02125,0,0,0,1,10,2
"1303",1,1,40,20000,0.2548275,1,0,1,1,10,10
"1304",1,0,31,25120,0.002627389,0,1,3,0,4,3
"1305",0,0,39,23004,0.0005216484,0,1,0,1,3,4
"1306",0,0,23,38600,0.0003108808,0,0,1,0,4,3
"1307",0,1,30,21800,0.0005504587,0,1,0,1,1,1
"1308",1,0,34,45660,0.002146299,1,0,0,1,19,8
"1309",0,5,24,31920,0.0003759399,0,0,3,1,5,1
"1310",1,0,41,46000,0.02651261,1,0,2,1,2,0
"1311",1,0,33,37000,0.008998919,0,1,0,1,7,5
"1312",1,0,48,37000,0.1116186,1,0,2,1,0,0
